{"cameraMode":{"drawMode":0,"name":"Shaded","section":"Shading Mode"},"sceneLighting":true,"audioPlay":false,"sceneViewState":{"m_AlwaysRefresh":false,"showFog":true,"showSkybox":true,"showFlares":true,"showImageEffects":true,"showParticleSystems":true,"showVisualEffectGraphs":true,"m_FxEnabled":true},"in2DMode":false,"pivot":{"x":-1.7729514837265015,"y":8.42557430267334,"z":-6.7204742431640629},"rotation":{"x":0.26527920365333559,"y":-0.011560352519154549,"z":0.0032109073363244535,"w":0.9641382098197937},"size":31.594480514526368,"orthographic":true}