{"cameraMode":{"drawMode":0,"name":"Shaded","section":"Shading Mode"},"sceneLighting":true,"audioPlay":false,"sceneViewState":{"m_AlwaysRefresh":false,"showFog":true,"showSkybox":true,"showFlares":true,"showImageEffects":true,"showParticleSystems":true,"showVisualEffectGraphs":true,"m_FxEnabled":true},"in2DMode":false,"pivot":{"x":-0.1443769335746765,"y":1.242293357849121,"z":-3.8926925659179689},"rotation":{"x":0.3226369023323059,"y":-0.001410369179211557,"z":0.0005046387668699026,"w":0.9465590119361877},"size":13.062362670898438,"orthographic":true}